insert into auth_permission (id, name, content_type_id, codename)
values  (1, 'Can add log entry', 1, 'add_logentry'),
        (2, 'Can change log entry', 1, 'change_logentry'),
        (3, 'Can delete log entry', 1, 'delete_logentry'),
        (4, 'Can view log entry', 1, 'view_logentry'),
        (5, 'Can add session', 2, 'add_session'),
        (6, 'Can change session', 2, 'change_session'),
        (7, 'Can delete session', 2, 'delete_session'),
        (8, 'Can view session', 2, 'view_session'),
        (9, 'Can add permission', 3, 'add_permission'),
        (10, 'Can change permission', 3, 'change_permission'),
        (11, 'Can delete permission', 3, 'delete_permission'),
        (12, 'Can view permission', 3, 'view_permission'),
        (13, 'Can add group', 4, 'add_group'),
        (14, 'Can change group', 4, 'change_group'),
        (15, 'Can delete group', 4, 'delete_group'),
        (16, 'Can view group', 4, 'view_group'),
        (17, 'Can add user', 5, 'add_user'),
        (18, 'Can change user', 5, 'change_user'),
        (19, 'Can delete user', 5, 'delete_user'),
        (20, 'Can view user', 5, 'view_user'),
        (21, 'Can add content type', 6, 'add_contenttype'),
        (22, 'Can change content type', 6, 'change_contenttype'),
        (23, 'Can delete content type', 6, 'delete_contenttype'),
        (24, 'Can view content type', 6, 'view_contenttype'),
        (25, 'Can add truck', 7, 'add_truck'),
        (26, 'Can change truck', 7, 'change_truck'),
        (27, 'Can delete truck', 7, 'delete_truck'),
        (28, 'Can view truck', 7, 'view_truck'),
        (29, 'Can add truck sensor data', 8, 'add_trucksensordata'),
        (30, 'Can change truck sensor data', 8, 'change_trucksensordata'),
        (31, 'Can delete truck sensor data', 8, 'delete_trucksensordata'),
        (32, 'Can view truck sensor data', 8, 'view_trucksensordata'),
        (33, 'Can add driver', 9, 'add_driver'),
        (34, 'Can change driver', 9, 'change_driver'),
        (35, 'Can delete driver', 9, 'delete_driver'),
        (36, 'Can view driver', 9, 'view_driver');


insert into django_content_type (id, app_label, model)
values  (1, 'admin', 'logentry'),
        (2, 'sessions', 'session'),
        (3, 'auth', 'permission'),
        (4, 'auth', 'group'),
        (5, 'auth', 'user'),
        (6, 'contenttypes', 'contenttype'),
        (7, 'playground', 'truck'),
        (8, 'playground', 'trucksensordata'),
        (9, 'playground', 'driver');

insert into django_migrations (id, app, name, applied)
values  (1, 'contenttypes', '0001_initial', '2023-01-08 05:10:00.473008 +00:00'),
        (2, 'auth', '0001_initial', '2023-01-08 05:10:00.494391 +00:00'),
        (3, 'admin', '0001_initial', '2023-01-08 05:10:00.501380 +00:00'),
        (4, 'admin', '0002_logentry_remove_auto_add', '2023-01-08 05:10:00.504439 +00:00'),
        (5, 'admin', '0003_logentry_add_action_flag_choices', '2023-01-08 05:10:00.507152 +00:00'),
        (6, 'contenttypes', '0002_remove_content_type_name', '2023-01-08 05:10:00.512530 +00:00'),
        (7, 'auth', '0002_alter_permission_name_max_length', '2023-01-08 05:10:00.515924 +00:00'),
        (8, 'auth', '0003_alter_user_email_max_length', '2023-01-08 05:10:00.518757 +00:00'),
        (9, 'auth', '0004_alter_user_username_opts', '2023-01-08 05:10:00.522629 +00:00'),
        (10, 'auth', '0005_alter_user_last_login_null', '2023-01-08 05:10:00.526197 +00:00'),
        (11, 'auth', '0006_require_contenttypes_0002', '2023-01-08 05:10:00.527401 +00:00'),
        (12, 'auth', '0007_alter_validators_add_error_messages', '2023-01-08 05:10:00.530204 +00:00'),
        (13, 'auth', '0008_alter_user_username_max_length', '2023-01-08 05:10:00.534100 +00:00'),
        (14, 'auth', '0009_alter_user_last_name_max_length', '2023-01-08 05:10:00.537270 +00:00'),
        (15, 'auth', '0010_alter_group_name_max_length', '2023-01-08 05:10:00.541046 +00:00'),
        (16, 'auth', '0011_update_proxy_permissions', '2023-01-08 05:10:00.544096 +00:00'),
        (17, 'auth', '0012_alter_user_first_name_max_length', '2023-01-08 05:10:00.547383 +00:00'),
        (18, 'playground', '0001_initial', '2023-01-08 05:10:00.555850 +00:00'),
        (19, 'sessions', '0001_initial', '2023-01-08 05:10:00.559505 +00:00');


insert into playground_truck (truck_id, truck_type_id)
values  (0, 0),
        (1, 1),
        (2, 2),
        (3, 3),
        (4, 3),
        (5, 3),
        (6, 3),
        (7, 4),
        (8, 3),
        (9, 3),
        (10, 4),
        (11, 3),
        (12, 3),
        (13, 3),
        (14, 3),
        (15, 3),
        (16, 4),
        (17, 3),
        (18, 3),
        (19, 2),
        (20, 3),
        (21, 3),
        (22, 3),
        (23, 3),
        (24, 3),
        (25, 3),
        (26, 1),
        (27, 3),
        (28, 3),
        (29, 4),
        (30, 1),
        (31, 3),
        (32, 3),
        (33, 3),
        (34, 3),
        (35, 3),
        (36, 1),
        (37, 3),
        (38, 2),
        (39, 3),
        (40, 2),
        (41, 3),
        (42, 4),
        (43, 3),
        (44, 3),
        (45, 2),
        (46, 3),
        (47, 3),
        (48, 2),
        (49, 3),
        (50, 1),
        (51, 3),
        (52, 4),
        (53, 3),
        (54, 3),
        (55, 1),
        (56, 3),
        (57, 3),
        (58, 3),
        (59, 4),
        (60, 3),
        (61, 1),
        (62, 3),
        (63, 3),
        (64, 4),
        (65, 0),
        (66, 1),
        (67, 3),
        (68, 1),
        (69, 0);


COPY playground_trucksensordata FROM '/Users/zachflentge-wong/Desktop/CSV Files/data_group0.csv' WITH (FORMAT CSV);
COPY playground_trucksensordata FROM '/Users/zachflentge-wong/Desktop/CSV Files/data_group1.csv' WITH (FORMAT CSV);
COPY playground_trucksensordata FROM '/Users/zachflentge-wong/Desktop/CSV Files/data_group2.csv' WITH (FORMAT CSV);
COPY playground_trucksensordata FROM '/Users/zachflentge-wong/Desktop/CSV Files/data_group3.csv' WITH (FORMAT CSV);
COPY playground_trucksensordata FROM '/Users/zachflentge-wong/Desktop/CSV Files/data_group4.csv' WITH (FORMAT CSV);
COPY playground_trucksensordata FROM '/Users/zachflentge-wong/Desktop/CSV Files/data_group5.csv' WITH (FORMAT CSV);
COPY playground_trucksensordata FROM '/Users/zachflentge-wong/Desktop/CSV Files/data_group6.csv' WITH (FORMAT CSV);
COPY playground_trucksensordata FROM '/Users/zachflentge-wong/Desktop/CSV Files/data_group7.csv' WITH (FORMAT CSV);
COPY playground_trucksensordata FROM '/Users/zachflentge-wong/Desktop/CSV Files/data_group8.csv' WITH (FORMAT CSV);
COPY playground_trucksensordata FROM '/Users/zachflentge-wong/Desktop/CSV Files/data_group9.csv' WITH (FORMAT CSV);
